{"cameraMode":{"drawMode":0,"name":"Shaded","section":"Shading Mode"},"sceneLighting":true,"audioPlay":false,"sceneViewState":{"showFog":true,"showMaterialUpdate":false,"showSkybox":true,"showFlares":true,"showImageEffects":true,"showParticleSystems":true},"in2DMode":false,"pivot":{"x":-16.465951919555665,"y":36.65159606933594,"z":-141.7759246826172},"rotation":{"x":0.23160351812839509,"y":0.5000758171081543,"z":-0.1408824920654297,"w":0.8225014209747315},"size":4.849265098571777,"orthographic":false}